titles,videoIds,publishedAt
THE LAWMAKER (EP-11),6yjg4aVlSoU,2022-06-25T14:38:13Z
THE LAWMAKER (EP-10),GY81MJukxBI,2022-06-25T14:38:13Z
THE LAWMAKER (Episode 3),h3c9ReFoPpM,2022-06-25T14:38:13Z
#TheLawmaker. (Episode 2),5ZmUeLAqsB4,2022-06-25T14:38:13Z
#THELAWMAKER trailer,Y8ftJkBaDx0,2022-06-25T14:38:13Z
#TheLawmaker (Episode one),vDwJ9D8s9RE,2022-06-25T14:38:13Z
The Law-Maker (EP 8),sZUE5wJbXRA,2022-06-25T14:38:13Z
The Lawer-maker  (EP 7),-B6DDHnJ6fM,2022-06-25T14:38:13Z
#TheLawMaker (EP 5),Ft65Dm-HiKk,2022-06-25T14:38:13Z
#THELAWMAKER (EP 5),jiSBRyHQe4k,2022-06-25T14:38:13Z
#TheLawmaker. (Episode 4),WIPnZvpUNsg,2022-06-25T14:38:13Z
THE LAW-MAKER (EP - 9 ),j5-qOTKzB_A,2022-06-25T14:38:13Z
