titles,videoIds,publishedAt,video_urls
No One Knows That I Turn Into A Cat In The Middle Of The Night To Scare My Enemies - Nigerian Movie,ssiPGzZJnBs,2022-07-25T09:32:54Z,https://www.youtube.com/watch?v=ssiPGzZJnBs
You Will Laugh Till You Remember Your Childhood Days With This Aki &Pawpaw Comedy - A Nigerian Movie,FBaOuflZpUQ,2022-07-27T18:09:07Z,https://www.youtube.com/watch?v=FBaOuflZpUQ
You Will Laugh And Lose Track Of Time Watching This Mr Ibu Comedy Movie - A Nigerian Movie,SvsiGVgONDY,2022-08-14T16:04:18Z,https://www.youtube.com/watch?v=SvsiGVgONDY
Deleted video,8O4nM6WsrHk,2022-08-19T18:32:10Z,https://www.youtube.com/watch?v=8O4nM6WsrHk
You Will Laugh Till You Forget Your Date Of Birth Watching This Aki &Pawpaw Comedy- A Nigerian Movie,uLA_NH9Qp8s,2022-08-23T17:13:21Z,https://www.youtube.com/watch?v=uLA_NH9Qp8s
You Will Be Shocked At The Wickedness Of Patience Ozokwor In This Nollywood Feem -A Nigerian Movie,W33q4W68S9Y,2022-08-24T13:59:31Z,https://www.youtube.com/watch?v=W33q4W68S9Y
You Will Laugh Till You Remember When You're Younger With This Aki &Pawpaw Comedy - A Nigerian Movie,CoJVDhIC1_c,2022-08-26T16:10:16Z,https://www.youtube.com/watch?v=CoJVDhIC1_c
You Will Laugh Like You Received Alert On Your Phone With This Aki Pawpaw Comedy - A Nigerian Movie,YU_lXK-tTJM,2022-09-16T18:50:31Z,https://www.youtube.com/watch?v=YU_lXK-tTJM
"You Will Laugh Taya Till You Slim Down With This Aki &Pawpaw Comedy ""Sharp Guys"" - A Nigerian Movie",6kHl9D-NAqY,2022-09-30T19:25:59Z,https://www.youtube.com/watch?v=6kHl9D-NAqY
No One Is Evil And Wicked As Patience Ozokwor In This Old Nollywood Feem - A Nigerian Movie,_yP4V4Ns7ME,2022-10-03T13:13:25Z,https://www.youtube.com/watch?v=_yP4V4Ns7ME
Deleted video,6JZehW1tyPI,2022-10-04T12:26:56Z,https://www.youtube.com/watch?v=6JZehW1tyPI
Get Ready To Laugh Till You Forget Your Date Of Birth Watching This Sam Loco Feem - A Nigerian Movie,558YHv-OUU0,2022-10-04T18:08:59Z,https://www.youtube.com/watch?v=558YHv-OUU0
If You Love The Late Sam Loco Then You Need To Watch This Old Nollywood Feem - A Nigerian Movie,XPNvY_doPE4,2022-10-05T12:29:00Z,https://www.youtube.com/watch?v=XPNvY_doPE4
Deleted video,RfxOPpTgXL4,2022-10-05T16:04:47Z,https://www.youtube.com/watch?v=RfxOPpTgXL4
Deleted video,DJ8K0yTbLiM,2022-10-07T18:28:53Z,https://www.youtube.com/watch?v=DJ8K0yTbLiM
You Will Laugh Uncontrollably And Lose Track Of Time With This Aki Pawpaw Comedy  - A Nigerian Movie,jbj_PpkcylQ,2022-10-09T16:37:29Z,https://www.youtube.com/watch?v=jbj_PpkcylQ
You Will Laugh Away All Your Worries &Roll On The Floor With This Comedy Movie - A Nigerian Movie,RTmAb5qNFUA,2022-10-10T17:08:21Z,https://www.youtube.com/watch?v=RTmAb5qNFUA
You Will Laugh Till You Forget Your State Of Origin With This Aki Pawpaw Comedy - A Nigerian Movie,VyvKv4P3HjA,2022-10-13T17:55:06Z,https://www.youtube.com/watch?v=VyvKv4P3HjA
You Will Burst Into Laughter Till You Crack Your Ribs Watching This Comedy Movie - A Nigerian Movie,Y6gcCxmnzuM,2022-10-14T15:21:27Z,https://www.youtube.com/watch?v=Y6gcCxmnzuM
"You Will Burst Into Laughter &Fart From Your Bum With This Comedy ""Oma The Maid"" - A Nigerian Movie",xWd_Y6hCpzw,2022-10-14T19:42:17Z,https://www.youtube.com/watch?v=xWd_Y6hCpzw
Deleted video,s-FO6sDJQRI,2022-10-21T13:27:20Z,https://www.youtube.com/watch?v=s-FO6sDJQRI
No One Is Evil And Wicked As Patience Ozokwor In This Classic Nollywood Feem - A Nigerian Movie,SAt04RzVm8Y,2022-10-27T11:33:46Z,https://www.youtube.com/watch?v=SAt04RzVm8Y
Sam Loco Will Laugh Taya Till You Forget Your Father's Name With This Comedy Feem - A Nigerian Movie,Tyo21ua75jE,2022-10-29T14:00:11Z,https://www.youtube.com/watch?v=Tyo21ua75jE
If You Love Patience Ozokwor Then You Need To Watch This Old Nollywood Movie - A Nigerian Movie,DWg4JxXrRzw,2022-10-30T13:23:13Z,https://www.youtube.com/watch?v=DWg4JxXrRzw
You Will Laugh Uncontrollably And Lose Track Of Time With This Francis Odeja Comedy-A Nigerian Movie,YXpBL7Jf-7w,2022-11-03T18:02:59Z,https://www.youtube.com/watch?v=YXpBL7Jf-7w
No Mother-in-law Is Evil And Wicked As Patience Ozokwor In This Old Nollywood Movie -A Ngerian Movie,rp9nU2BRge0,2022-11-03T19:51:33Z,https://www.youtube.com/watch?v=rp9nU2BRge0
My Evil Mother-In-Law Killed My Baby But Her Ghost Came Back To End Her - A Nigerian Movie,nlyxeE5hlIw,2022-11-04T16:13:30Z,https://www.youtube.com/watch?v=nlyxeE5hlIw
Deleted video,JNNoD4l96T4,2022-11-08T17:48:50Z,https://www.youtube.com/watch?v=JNNoD4l96T4
Deleted video,JvGcSSViWVA,2022-11-09T07:42:01Z,https://www.youtube.com/watch?v=JvGcSSViWVA
You Will Laugh Till You Forget Your Date Of Birth &Fart From Your Bum With This Comedy-NigerianMovie,Nbrf-TIXNLE,2022-11-10T08:22:29Z,https://www.youtube.com/watch?v=Nbrf-TIXNLE
Deleted video,X2Fljs2FZi8,2022-11-10T11:31:49Z,https://www.youtube.com/watch?v=X2Fljs2FZi8
Deleted video,IgbIHfZbUlM,2022-11-15T18:34:59Z,https://www.youtube.com/watch?v=IgbIHfZbUlM
You Will Laugh Like You Received Alert On Your Phone &Roll On D Floor Wit This Comedy-Nigerian Movie,8bxCXQk6buo,2022-11-16T13:12:50Z,https://www.youtube.com/watch?v=8bxCXQk6buo
You Will Laugh Till You Get Lost In The Moment With This Sam Loco Comedy Movie - A Nigerian Movie,td-3Y3GvDfc,2022-11-17T18:31:59Z,https://www.youtube.com/watch?v=td-3Y3GvDfc
Deleted video,GJKAl9Yscsc,2022-11-20T05:39:30Z,https://www.youtube.com/watch?v=GJKAl9Yscsc
Deleted video,FfhJU9bvHQM,2022-11-21T13:21:28Z,https://www.youtube.com/watch?v=FfhJU9bvHQM
Deleted video,G2DFIeKsr2w,2022-11-21T13:53:10Z,https://www.youtube.com/watch?v=G2DFIeKsr2w
Deleted video,oE525b_rOb8,2022-11-22T08:13:30Z,https://www.youtube.com/watch?v=oE525b_rOb8
Deleted video,5At0CJgOvvc,2022-11-22T17:50:19Z,https://www.youtube.com/watch?v=5At0CJgOvvc
Deleted video,YEZLpel9c94,2022-11-23T08:01:07Z,https://www.youtube.com/watch?v=YEZLpel9c94
Deleted video,LFFJHVPHTx0,2022-11-23T08:03:23Z,https://www.youtube.com/watch?v=LFFJHVPHTx0
Deleted video,omo08tRDyN0,2022-11-23T12:25:15Z,https://www.youtube.com/watch?v=omo08tRDyN0
Deleted video,hF8pQA0aVl4,2022-11-23T15:01:04Z,https://www.youtube.com/watch?v=hF8pQA0aVl4
Deleted video,ibMDDNKz0uU,2022-11-23T18:44:17Z,https://www.youtube.com/watch?v=ibMDDNKz0uU
Deleted video,gdESBjVwqf8,2022-11-24T12:01:05Z,https://www.youtube.com/watch?v=gdESBjVwqf8
Deleted video,0L2MKExEa1I,2022-11-24T18:03:49Z,https://www.youtube.com/watch?v=0L2MKExEa1I
You Will Laugh Uncontrollably And Lose Track Of Time With This Ebube Obio Comedy - A Nigerian Movie,UXK2JY6RiWA,2022-11-25T18:34:22Z,https://www.youtube.com/watch?v=UXK2JY6RiWA
You Will Laugh Taya Till You Forget Your Father's Name With This Aki Pawpaw Comedy -A Nigerian Movie,zlQlua_OXo8,2022-11-25T19:05:59Z,https://www.youtube.com/watch?v=zlQlua_OXo8
Deleted video,1-7LBPjF8r4,2022-11-26T13:19:58Z,https://www.youtube.com/watch?v=1-7LBPjF8r4
Deleted video,fLQrkP8x4vw,2022-11-26T14:26:07Z,https://www.youtube.com/watch?v=fLQrkP8x4vw
You Will Laugh Taya Till You Forget Your Mother's Name With This Aki Pawpaw Comedy -A Nigerian Movie,ndu8GiaOQgw,2022-11-26T14:54:31Z,https://www.youtube.com/watch?v=ndu8GiaOQgw
No One Is Evil And Wicked As Pete Edochie In This Old Nollywood Movie - A Nigerian Movie,EkLX57i0Suc,2022-11-27T17:12:00Z,https://www.youtube.com/watch?v=EkLX57i0Suc
If You Love Pete Edochie Then You Need To Watch This Classic Nollywood Movie - A Nigerian Movie,hsGhCLKX5lA,2022-11-27T22:02:55Z,https://www.youtube.com/watch?v=hsGhCLKX5lA
Deleted video,krbat7hm-UA,2022-11-28T13:03:54Z,https://www.youtube.com/watch?v=krbat7hm-UA
Deleted video,Gdit2nTI5nM,2022-11-28T18:53:22Z,https://www.youtube.com/watch?v=Gdit2nTI5nM
Deleted video,BfmxG5ED5-8,2022-11-28T19:04:55Z,https://www.youtube.com/watch?v=BfmxG5ED5-8
Deleted video,dxHEYd9PaKg,2022-11-29T13:15:01Z,https://www.youtube.com/watch?v=dxHEYd9PaKg
Deleted video,CWgP13S5lrI,2022-11-29T17:13:13Z,https://www.youtube.com/watch?v=CWgP13S5lrI
Deleted video,chK_6WfIuzg,2022-11-29T18:43:15Z,https://www.youtube.com/watch?v=chK_6WfIuzg
Deleted video,MpsSL5yK69A,2022-11-29T19:06:03Z,https://www.youtube.com/watch?v=MpsSL5yK69A
Deleted video,NWBPvf2G2Mg,2022-11-30T12:47:07Z,https://www.youtube.com/watch?v=NWBPvf2G2Mg
You Will Laugh Uncontrollably Till You Slim Down With This Aki Pawpaw Comedy - A Nigerian Movie,FPXxokmOePo,2022-11-30T15:36:26Z,https://www.youtube.com/watch?v=FPXxokmOePo
Deleted video,yU4RN0L_eFk,2022-11-30T16:40:22Z,https://www.youtube.com/watch?v=yU4RN0L_eFk
Deleted video,T-M0GCJfIFI,2022-12-01T13:21:32Z,https://www.youtube.com/watch?v=T-M0GCJfIFI
Deleted video,zLtQagspegE,2022-12-01T14:26:26Z,https://www.youtube.com/watch?v=zLtQagspegE
Deleted video,D9Q46EIY_iw,2022-12-01T17:18:27Z,https://www.youtube.com/watch?v=D9Q46EIY_iw
Deleted video,v7ls7urm-b4,2022-12-02T16:04:11Z,https://www.youtube.com/watch?v=v7ls7urm-b4
Deleted video,Wy2tbI7dcJ4,2022-12-02T17:45:58Z,https://www.youtube.com/watch?v=Wy2tbI7dcJ4
Deleted video,KbrxniT_iFw,2022-12-02T20:40:34Z,https://www.youtube.com/watch?v=KbrxniT_iFw
Deleted video,AuAqn9N1wHc,2022-12-03T18:44:47Z,https://www.youtube.com/watch?v=AuAqn9N1wHc
Deleted video,M2TQMxaFjfc,2022-12-03T23:00:12Z,https://www.youtube.com/watch?v=M2TQMxaFjfc
Your Love For Pete Edochie Will Increase With This Old Nollywood Movie - A Nigerian Movie,4TCVBuZ8MXQ,2022-12-04T13:17:27Z,https://www.youtube.com/watch?v=4TCVBuZ8MXQ
Deleted video,lPkoiH432io,2022-12-04T19:17:33Z,https://www.youtube.com/watch?v=lPkoiH432io
Deleted video,TxZOX8Q8Tkc,2022-12-04T20:24:07Z,https://www.youtube.com/watch?v=TxZOX8Q8Tkc
Deleted video,dwhJyhByL70,2022-12-05T19:10:17Z,https://www.youtube.com/watch?v=dwhJyhByL70
Deleted video,8n9OTNtNC8k,2022-12-05T21:30:49Z,https://www.youtube.com/watch?v=8n9OTNtNC8k
Fearless Woman |Your Love For Patience Ozokwor Will Increase With This Nollywood Feem-Nigerian Movie,-jI7qR9_9Ks,2022-12-06T12:10:37Z,https://www.youtube.com/watch?v=-jI7qR9_9Ks
Deleted video,ZgRoYvWw3Ig,2022-12-06T15:14:27Z,https://www.youtube.com/watch?v=ZgRoYvWw3Ig
Deleted video,obpW_Newhek,2022-12-06T16:23:26Z,https://www.youtube.com/watch?v=obpW_Newhek
What I Want | You Won't Forget The Real Sam Loco That Easily With This Classic Movie -Nigerian Movie,Hs78m4jShjQ,2022-12-07T12:05:19Z,https://www.youtube.com/watch?v=Hs78m4jShjQ
Deleted video,n0Z0OUX7O0A,2022-12-07T14:08:38Z,https://www.youtube.com/watch?v=n0Z0OUX7O0A
Deleted video,pZa0vnl1J7w,2022-12-07T15:49:05Z,https://www.youtube.com/watch?v=pZa0vnl1J7w
Deleted video,Yv9FDwPSr7M,2022-12-08T10:55:05Z,https://www.youtube.com/watch?v=Yv9FDwPSr7M
Money Miss Road |You Will Laugh Till You Fart &Fall From Staircase With This Comedy -Nigerian Movie,7tuJmbxNzik,2022-12-08T16:02:16Z,https://www.youtube.com/watch?v=7tuJmbxNzik
Deleted video,6ZZqUQBxCEM,2022-12-08T18:43:39Z,https://www.youtube.com/watch?v=6ZZqUQBxCEM
Deleted video,yPPr1ULAqF0,2022-12-08T19:11:14Z,https://www.youtube.com/watch?v=yPPr1ULAqF0
Soldier Ant |You Will Laugh Like You Received Alert On Your Phone With This Comedy -A Nigerian Movie,F__gXybtDY4,2022-12-08T19:27:43Z,https://www.youtube.com/watch?v=F__gXybtDY4
Deleted video,u8ZGxnBf1dM,2022-12-08T19:58:19Z,https://www.youtube.com/watch?v=u8ZGxnBf1dM
Deleted video,dkOsHHWyqZM,2022-12-09T07:45:17Z,https://www.youtube.com/watch?v=dkOsHHWyqZM
Aki &Pawpaw Sisters |You Will Laugh Taya Till You Forget Your Father's Name -A Nigerian Movie,8DThrQZdl0c,2022-12-09T07:50:47Z,https://www.youtube.com/watch?v=8DThrQZdl0c
Deleted video,McJpfPjO97Q,2022-12-09T10:26:17Z,https://www.youtube.com/watch?v=McJpfPjO97Q
Deleted video,qyiSwURKc0o,2022-12-09T11:51:23Z,https://www.youtube.com/watch?v=qyiSwURKc0o
Deleted video,seP5e4VMECA,2022-12-09T12:06:35Z,https://www.youtube.com/watch?v=seP5e4VMECA
Deleted video,Iu3JppY-2mA,2022-12-09T15:20:40Z,https://www.youtube.com/watch?v=Iu3JppY-2mA
Heirship |No One Wants Mother-in-Law As Wicked As Patience Ozokwor In This Old Movie -Nigerian Movie,_KMrvE5ZGJo,2022-12-09T15:43:16Z,https://www.youtube.com/watch?v=_KMrvE5ZGJo
Deleted video,-iQOR4Ivoyg,2022-12-11T15:43:22Z,https://www.youtube.com/watch?v=-iQOR4Ivoyg
Open And Close |You Will Laugh Till You Forget Yourself &Fall From Your Chair - A Nigerian Movie,mS2jamZw6WE,2022-12-11T21:46:31Z,https://www.youtube.com/watch?v=mS2jamZw6WE
Deleted video,hijtEx5td3o,2022-12-12T12:11:52Z,https://www.youtube.com/watch?v=hijtEx5td3o
Ukpaka The Trouble Maker |You Will Laugh Uncontrollably Till You Slim Down Dis Comedy-Nigerian Movie,NmmBnRH8zFA,2022-12-12T16:34:52Z,https://www.youtube.com/watch?v=NmmBnRH8zFA
It's Evil | You Will Never Want To Forget The Late Sam Loco After This Old Movie - A Nigerian Movie,9k3delxQCtA,2022-12-12T16:38:06Z,https://www.youtube.com/watch?v=9k3delxQCtA
Deleted video,K0Pe1_Q970I,2022-12-13T11:24:46Z,https://www.youtube.com/watch?v=K0Pe1_Q970I
Deleted video,_Vz0CViHzV0,2022-12-13T11:31:09Z,https://www.youtube.com/watch?v=_Vz0CViHzV0
Deleted video,GYf9v9xCN18,2022-12-13T18:50:09Z,https://www.youtube.com/watch?v=GYf9v9xCN18
Oga Must Go | Chiwetalu Agu Will Make You Laugh Till You Forget Your Father's Name -A Nigerian Movie,0CbDAS_eRrc,2022-12-14T12:16:50Z,https://www.youtube.com/watch?v=0CbDAS_eRrc
Stupid Sense |You Will Laugh Uncontrollably Till You Slim Down With This Comedy - A Nigerian Movie,DlAuZfTufdI,2022-12-14T15:10:02Z,https://www.youtube.com/watch?v=DlAuZfTufdI
Deleted video,CJwLFHD0678,2022-12-14T17:07:37Z,https://www.youtube.com/watch?v=CJwLFHD0678
Biafra War |You Will Laugh Uncontrollably Till You Forget All Your Sorrows - A Nigerian Movie,sGXMbgETnog,2022-12-15T14:25:27Z,https://www.youtube.com/watch?v=sGXMbgETnog
Deleted video,z6dJdyVMRmo,2022-12-15T14:49:17Z,https://www.youtube.com/watch?v=z6dJdyVMRmo
Deleted video,7l9DOpKZYpY,2022-12-16T10:44:34Z,https://www.youtube.com/watch?v=7l9DOpKZYpY
Deleted video,fMPoXC_pjzQ,2022-12-16T14:52:15Z,https://www.youtube.com/watch?v=fMPoXC_pjzQ
Deleted video,aLKd8hGhfiw,2022-12-16T15:17:30Z,https://www.youtube.com/watch?v=aLKd8hGhfiw
Deleted video,aQy_kC7KbJc,2022-12-16T16:43:01Z,https://www.youtube.com/watch?v=aQy_kC7KbJc
Deleted video,QLcRlxCO454,2022-12-16T17:53:21Z,https://www.youtube.com/watch?v=QLcRlxCO454
Boy Obi |You Will Laugh Taya Till You Slim Down With This Classic Comedy Movie -Nigerian Movie,o0r7be3o2Us,2022-12-16T18:18:25Z,https://www.youtube.com/watch?v=o0r7be3o2Us
Deleted video,qKm4MtDwbW0,2022-12-16T19:03:11Z,https://www.youtube.com/watch?v=qKm4MtDwbW0
Deleted video,H_Kx9L-PzKE,2022-12-16T19:23:00Z,https://www.youtube.com/watch?v=H_Kx9L-PzKE
Sharp Practice |You Will Laugh Uncontrollably Till You Slim Down With This Comedy - A Nigerian Movie,zYfRm1Y3Ylc,2022-12-19T13:04:02Z,https://www.youtube.com/watch?v=zYfRm1Y3Ylc
Deleted video,btDs7x8XraA,2022-12-19T18:40:34Z,https://www.youtube.com/watch?v=btDs7x8XraA
Ibu Workshop |You Will Laugh Till You Lose Track Of Time With This Comedy Feem - A Nigerian Movie,c5BMtFh0Spo,2022-12-20T13:14:42Z,https://www.youtube.com/watch?v=c5BMtFh0Spo
Deleted video,WAXnVdwYs5Q,2022-12-20T17:14:47Z,https://www.youtube.com/watch?v=WAXnVdwYs5Q
Tears Of A Mad Woman |If You Love Patience Ozokwor Then You Need To Watch This Movie -Nigerian Movie,vK2ROuTLiTY,2022-12-20T17:50:43Z,https://www.youtube.com/watch?v=vK2ROuTLiTY
How Far |You Will Laugh Uncontrollably Till You Slim Down &Lose Track Of Time - A Nigerian Movie,xxqtLfp3m1g,2022-12-21T17:36:55Z,https://www.youtube.com/watch?v=xxqtLfp3m1g
Deleted video,ez4S_MlBdv0,2022-12-21T17:55:22Z,https://www.youtube.com/watch?v=ez4S_MlBdv0
Bottom Of My Heart | No One Wants A Mother As Wicked As Patience Ozokwor In Dis Movie-Nigerian Movie,VjgLjvqSbAg,2022-12-22T11:29:13Z,https://www.youtube.com/watch?v=VjgLjvqSbAg
Return From Europe |You Will Laugh Away All Your Worries &Feel Good With This Comedy -Nigerian Movie,urcEMbtumBc,2022-12-22T15:30:46Z,https://www.youtube.com/watch?v=urcEMbtumBc
Keke Soldier |You Will Laugh Till You Crack Your Ribs &Slim Down With This Comedy - A Nigerian Movie,xVf2csCeRg8,2022-12-22T16:11:57Z,https://www.youtube.com/watch?v=xVf2csCeRg8
Under My Roof |You Will Laugh Taya Till You Forget Your Native Name With This Comedy -Nigerian MOvie,3Jg-_IXzwdU,2022-12-22T16:57:01Z,https://www.youtube.com/watch?v=3Jg-_IXzwdU
John Okafor |You Will  Laugh Uncontrollably Till You Slim Down With This Comedy -A Nigerian Movie,s9hrb0nB0UY,2022-12-22T18:43:13Z,https://www.youtube.com/watch?v=s9hrb0nB0UY
Oil Village |If You Love The Late Sam Loco Then You Need To Watch This Old Feem - A Nigerian Movie,hguaC3js4cg,2022-12-22T19:55:38Z,https://www.youtube.com/watch?v=hguaC3js4cg
My Sugar Banana |You Will Uncontrollably And Slim Down With This Comedy Movie - A Nigerian Movie,NsOBA7G9qVo,2022-12-23T12:01:36Z,https://www.youtube.com/watch?v=NsOBA7G9qVo
Deleted video,ulF2TVdPEFo,2022-12-23T13:18:52Z,https://www.youtube.com/watch?v=ulF2TVdPEFo
Break The Rules |No Mother-in-law Is Evil And Wicked As Patience Ozokwor In This Old -Nigerian Movie,81zdhcw1uyc,2022-12-23T15:02:45Z,https://www.youtube.com/watch?v=81zdhcw1uyc
Dad And Lad |If You Love Chiwetalu Agu Then You Need To Watch This Nollywood Movie -A Nigerian Movie,Rw67fwoc_58,2022-12-25T13:27:07Z,https://www.youtube.com/watch?v=Rw67fwoc_58
Shield Of Faith |The Evil Colored-Men Killed My Father But He Came To Hunt Them - A Nigerian Movie,fgBoMz48BoU,2022-12-25T14:42:07Z,https://www.youtube.com/watch?v=fgBoMz48BoU
Pastors Blood |No Man Is As Evil &Wicked As Chiwetalu Agu In This Nollywood Feem - A Nigerian Movie,_FeBnc8vamY,2022-12-26T11:37:18Z,https://www.youtube.com/watch?v=_FeBnc8vamY
Mr Ibu The Galant Soldier |You Will Laugh Taya &Roll On The Floor With This Comedy -A Nigerian Movie,h9p3UG4lDqI,2022-12-26T21:55:54Z,https://www.youtube.com/watch?v=h9p3UG4lDqI
Guy Man Prophet |Get Ready To Laugh Till You Forget All Your Worries Wit This Comedy -Nigerian Movie,Jtn8qABeNO4,2022-12-27T13:16:32Z,https://www.youtube.com/watch?v=Jtn8qABeNO4
Calamity In The Forest |Your Love For Pete Edochie Will Increase In This Old Feem - A Nigerian Movie,kfJGHIbjCfk,2022-12-27T14:46:23Z,https://www.youtube.com/watch?v=kfJGHIbjCfk
Village |You Will Laugh Uncontrollably And Forget Your Birth Day With This Comedy -Nigerian Movie,lPx0m6uMP-Q,2022-12-27T16:32:38Z,https://www.youtube.com/watch?v=lPx0m6uMP-Q
Deleted video,xBiC4njSkyw,2022-12-28T12:53:29Z,https://www.youtube.com/watch?v=xBiC4njSkyw
Tom Tom |You Will Laugh Uncontrollably Till You Fart From Your Bum With This Comedy-A Nigerian Movie,UpNjg7xP1K8,2022-12-28T15:54:34Z,https://www.youtube.com/watch?v=UpNjg7xP1K8
Spin Out |You Will Laugh Till You Slim Down With This Comedy Movie - A Nigerian Movie,IvOrYC8Z4Ig,2022-12-28T20:58:34Z,https://www.youtube.com/watch?v=IvOrYC8Z4Ig
Calabash |No Mother-in-law Can Be As Evil &Wicked As Patience Ozokwor In This Movie - Nigerian Movie,Y3O2fwGkX2E,2022-12-29T09:27:56Z,https://www.youtube.com/watch?v=Y3O2fwGkX2E
Onye Amuma Sharp Sharp |You Will Laugh Uncontrollably And Fall Inside Gutter With Comedy - Nigerian,rIB5avo_3KU,2022-12-29T20:12:31Z,https://www.youtube.com/watch?v=rIB5avo_3KU
Making Of The King |No One Is As Evil &Wicked As Chiwetalu Agu In This Old Feem - A Nigerian Movie,3VC6FP2cJDE,2022-12-29T22:08:21Z,https://www.youtube.com/watch?v=3VC6FP2cJDE
Village Fat Babes |You Will Laugh Till Wrapper Will Fall From Your Waist With This Comedy -Nigerian,90pG7TT3Zoc,2022-12-30T08:21:15Z,https://www.youtube.com/watch?v=90pG7TT3Zoc
Jungle King |If You Love Kanayo O. Kanayo Movies Then You Need To Watch This Old Movie -Nigerian,n683kKctWPQ,2022-12-30T09:42:56Z,https://www.youtube.com/watch?v=n683kKctWPQ
The Village Fools |You Will Laugh Till Your Forget Your Real Age This Comedy Movie -A Nigerian Movie,PZU_j6MEGIA,2022-12-30T10:33:54Z,https://www.youtube.com/watch?v=PZU_j6MEGIA
Love In African |You Will Laugh Till You Forget Your Father's Name With This Comedy -Nigerian Movie,nt9u5XhUYQA,2022-12-31T12:02:18Z,https://www.youtube.com/watch?v=nt9u5XhUYQA
The Ericos |You Will Uncontrollably And Forget Your Real Age With This Comedy - A Nigerian Movie,tfr9jRxQtVY,2022-12-31T16:25:04Z,https://www.youtube.com/watch?v=tfr9jRxQtVY
The Great Servant |You Will Burst Into Laugh Till You Fart &Slim Down Wit This Comedy-Happy New Year,P_3rF7tdzTw,2022-12-31T17:33:20Z,https://www.youtube.com/watch?v=P_3rF7tdzTw
Deleted video,UZUg-1MQ4Uw,2023-01-01T12:34:35Z,https://www.youtube.com/watch?v=UZUg-1MQ4Uw
Nebukadnezza |You Will Laugh Till You Stagger Like A Drunkard With This Comedy Movie -Happy New Year,1BkzQwfsH-w,2023-01-01T13:06:13Z,https://www.youtube.com/watch?v=1BkzQwfsH-w
Final Point |Everyone Is Afraid And Scared Of Chiwetalu Agu In This Nollywood Movie-A Nigerian Movie,gu_sllZMBV0,2023-01-01T13:46:33Z,https://www.youtube.com/watch?v=gu_sllZMBV0
Jhuggi Boys |You Will Laugh Uncontrollably Till You Slim Down With This Comedy - Happy New Year,0t_LzYN5Goc,2023-01-01T14:16:02Z,https://www.youtube.com/watch?v=0t_LzYN5Goc
Don Jazzy |You Will Laugh Away All Your Sorrows &Lose Track Of Time With This Comedy -Nigerian Movie,gbIq-HY5lbo,2023-01-02T13:29:19Z,https://www.youtube.com/watch?v=gbIq-HY5lbo
Pathway To Thunder |No One Is As Evil &Wicked As Chiwetalu Agu In This Nollywood Feem-Nigerian Movie,_3tcGpnTciM,2023-01-03T07:53:45Z,https://www.youtube.com/watch?v=_3tcGpnTciM
The Great Servant 2 |You Will Laugh Till You Forget Your Father's Name Wit Dis Comedy-Nigerian Movie,oOhZvOdY29s,2023-01-03T07:56:38Z,https://www.youtube.com/watch?v=oOhZvOdY29s
Two Village Captains |Your Love For Queen Nwokoye Will Increase With This Nollywood Movie -Nigerian,8uslvkwwQkI,2023-01-03T09:14:32Z,https://www.youtube.com/watch?v=8uslvkwwQkI
The Man |You Will Laugh Till Dimples Come Out Of Your Cheeks With This Comedy - A Nigerian Movie,qfiSefUbblM,2023-01-03T18:01:41Z,https://www.youtube.com/watch?v=qfiSefUbblM
Deleted video,E7L7RwPXNO0,2023-01-03T21:49:21Z,https://www.youtube.com/watch?v=E7L7RwPXNO0
Big In Law |You Will Laugh Till You Slim Down &Fart From Your Bum With This Comedy -A Nigerian Movie,8w33KeIPBAk,2023-01-04T14:10:03Z,https://www.youtube.com/watch?v=8w33KeIPBAk
Lion Hunters |You Will Laugh Uncontrollably Till You ForgetYour Sorrow Wit Dis Comedy-Nigerian Movie,0R3FwRc8tIg,2023-01-04T21:30:50Z,https://www.youtube.com/watch?v=0R3FwRc8tIg
Private video,6NH6vJZB9Lw,2023-01-05T12:35:20Z,https://www.youtube.com/watch?v=6NH6vJZB9Lw
Fake Drugs |Sam Loco Will Make You Laugh Till You Forget Your Worries With This Classic Comedy,qugmXehYoGI,2023-01-05T12:44:47Z,https://www.youtube.com/watch?v=qugmXehYoGI
My Oyibo Porero |You Will Laugh Till You Crack Your Ribs & Lose Track Of Time - A Nigerian Movie,lyb5N5yFjw4,2023-01-05T15:36:02Z,https://www.youtube.com/watch?v=lyb5N5yFjw4
Village Love |You Will Laugh Taya Till You Roll On The Floor With This Comedy - A Nigerian Movie,xAafsx-Iib0,2023-01-05T16:09:14Z,https://www.youtube.com/watch?v=xAafsx-Iib0
The Community Girl |You Will Laugh Till You Fart &Slim Down With This Comedy Movie -A Nigerian Movie,S6Mj7sAI9eg,2023-01-06T12:33:01Z,https://www.youtube.com/watch?v=S6Mj7sAI9eg
Final World Cup |Sam Loco x Aki &Pawpaw Will Make You Laugh  With This Clasic Comedy -Nigerian Movie,bbpc4aa46GE,2023-01-06T17:19:24Z,https://www.youtube.com/watch?v=bbpc4aa46GE
Supposed Death |You Will Laugh Uncontrollably Till You Lose Track Of Time Wit Comedy -Nigerian Movie,isn3-MiYpm0,2023-01-06T17:57:12Z,https://www.youtube.com/watch?v=isn3-MiYpm0
Africa Micheal Jackson |You Will Burst Into Laughter Till Forget Your State Of Origin With Comedy,cvfFteGEsek,2023-01-06T19:06:04Z,https://www.youtube.com/watch?v=cvfFteGEsek
Fruits Of My Labour |Sam Loco Will Make You Laugh Till You Forget Your Real Age- A Nigerian Movie,at0zhw17PKc,2023-01-07T12:16:00Z,https://www.youtube.com/watch?v=at0zhw17PKc
Annabel |Your Love For Patience Ozokwor Will Go To The Next Level After Seeing This Movie -Nigerian,KdI9JG6a1lQ,2023-01-07T13:17:41Z,https://www.youtube.com/watch?v=KdI9JG6a1lQ
Terror Of The Night |Sam Loco x DedeOneDay Will Make You Laugh Wit This Clasic Comedy-Nigerian Movie,3DOblA7EaDA,2023-01-08T07:11:50Z,https://www.youtube.com/watch?v=3DOblA7EaDA
Short Time Wahala |You Will Laugh Uncontrollably Till You Slim Down Wit This Comedy-A Nigerian Movie,mtOSWhNEJcA,2023-01-08T17:55:56Z,https://www.youtube.com/watch?v=mtOSWhNEJcA
Chinko Oil |You Will Burst Into Laughter And Won't Get Up From Your Chair Wit Comedy-Nigerian Movie,Bu5Nzo7bDHU,2023-01-08T18:27:04Z,https://www.youtube.com/watch?v=Bu5Nzo7bDHU
Private video,J7o9WZFNwBc,2023-01-09T11:45:56Z,https://www.youtube.com/watch?v=J7o9WZFNwBc
Romeo Without Juliet |You Will Burst Into Laughter Till You Forget Your Real Age With This Comedy,8BKve6R5tOc,2023-01-09T17:21:01Z,https://www.youtube.com/watch?v=8BKve6R5tOc
Love Package |You Will Burst Into Laugh Till You Crack Your Ribs With This Comedy - A Nigerian Movie,0RnFcefYPMg,2023-01-09T20:27:10Z,https://www.youtube.com/watch?v=0RnFcefYPMg
Rejected Princess |Your Love For Sam Loco Will Increase With This Old Nollywood Feem -Nigerian Movie,kfs0l0KmaPo,2023-01-10T10:21:44Z,https://www.youtube.com/watch?v=kfs0l0KmaPo
Two Rabbits |You Will Laugh Uncontrollably Till You Forget All Your Worries - A Nigerian Movie,wAzF0xmbpiQ,2023-01-10T11:12:28Z,https://www.youtube.com/watch?v=wAzF0xmbpiQ
Deleted video,VKRwwudnC74,2023-01-10T12:25:01Z,https://www.youtube.com/watch?v=VKRwwudnC74
Oyoyo Rice |Chiwetalu Agu Surprised Everyone By Not Being Wicked In This Movie - A Nigerian Movie,7QcPlpcUJts,2023-01-10T13:33:17Z,https://www.youtube.com/watch?v=7QcPlpcUJts
Royal Swap |You Will Laugh Till You Forget Your Date Of Birth &Fart From Your Bum With This Comedy,5qIvpvTQoE8,2023-01-11T13:54:50Z,https://www.youtube.com/watch?v=5qIvpvTQoE8
Mountain Of Evil |No One Is Evil And Wicked As Patience Ozokwor In This Nolly Movie -Nigerian Movie,JuFrGTiJ4eE,2023-01-11T14:41:44Z,https://www.youtube.com/watch?v=JuFrGTiJ4eE
Keke Driver |Sam Loco x Mr Ibu Will Make You Laugh With This Classic Comedy - A Nigerian Movie,4yYvX-R9VFU,2023-01-12T07:34:46Z,https://www.youtube.com/watch?v=4yYvX-R9VFU
Arabanko |You Will Laugh Away All Your Worries And Feel Relieved With This Comedy - A Nigerian MOvie,nG3rLujFDHk,2023-01-12T14:53:50Z,https://www.youtube.com/watch?v=nG3rLujFDHk
African Prince |No One Is As Evil And Wicked As Nkem Owoh In This Nollywood Feem - A Nigerian Movie,3ZIRkxXMf6E,2023-01-12T16:55:21Z,https://www.youtube.com/watch?v=3ZIRkxXMf6E
Daily Blessing |If You Love Nkiru Sylvanus Then You Need Watch This Classic Nollywood Movie-Nigerian,p31R0wOVBxg,2023-01-12T17:57:53Z,https://www.youtube.com/watch?v=p31R0wOVBxg
I Think Twice |You Will Laugh Uncontrollably And Get Lost In D Moment Wit This Comedy-Nigerian Movie,Ubob4XwAdpM,2023-01-12T18:19:30Z,https://www.youtube.com/watch?v=Ubob4XwAdpM
Deleted video,AEDqKHT8QUk,2023-01-12T19:03:50Z,https://www.youtube.com/watch?v=AEDqKHT8QUk
Professional Driver | You Will Laugh Till You Fart &Slim Down With This Comedy - A Nigerian Movie,si_DUREMynQ,2023-01-13T10:40:55Z,https://www.youtube.com/watch?v=si_DUREMynQ
Jhuggi Boys 2 | You Will Laugh Till You Smash Your Bum On The Floor With This Comedy -Nigerian Movie,M5EDuGp1oO0,2023-01-13T13:48:05Z,https://www.youtube.com/watch?v=M5EDuGp1oO0
Private video,DommcDglwBE,2023-01-13T14:12:20Z,https://www.youtube.com/watch?v=DommcDglwBE
Wicked Lineage |No Stepmother Is As Evil &Wicked As Patience Ozokwor In This Old Feem-Nigerian Movie,NzirEh5rxW8,2023-01-13T14:58:39Z,https://www.youtube.com/watch?v=NzirEh5rxW8
Money Riots |You Will Laugh Your Brains Out & Be Happy With This Classic Comedy - A Nigerian Movie,wXlr8UuuMGg,2023-01-13T15:01:43Z,https://www.youtube.com/watch?v=wXlr8UuuMGg
The Colonel |You Will Laugh Like You've Seen Credit Alert Wit This Aki Pawpaw Movie-A Nigerian Movie,rFjiYMkUrb0,2023-01-15T20:09:35Z,https://www.youtube.com/watch?v=rFjiYMkUrb0
Coffin Seller |You Will Laugh Taya Till You Forget Your Father's Name With Ths Comedy-Nigerian Movie,6_vep8TbUyM,2023-01-15T20:48:34Z,https://www.youtube.com/watch?v=6_vep8TbUyM
Man Without Money | Chiwetalu Agu And His Hippopotamus Wife Will Make You Laugh With This Comedy,wMzQi1Lqoo4,2023-01-16T12:06:37Z,https://www.youtube.com/watch?v=wMzQi1Lqoo4
Oma In Lagos |You Will Burst Into Laughter Till You Forget Your Date Of Birth With This Comedy,Rfof7whyMyk,2023-01-16T15:29:40Z,https://www.youtube.com/watch?v=Rfof7whyMyk
O Mpa |You Will Laugh Uncontrollably Till You Forget All Your Sorrows Wit This Comedy-Nigerian Movie,zLdCnyAEuao,2023-01-17T07:34:15Z,https://www.youtube.com/watch?v=zLdCnyAEuao
Doctors |You Will Laugh Till You Fall To Your Knees &Roll On The Floor With This Comedy -Nigerian,6V9C-10hzBg,2023-01-17T09:23:01Z,https://www.youtube.com/watch?v=6V9C-10hzBg
Brothers Apart |You Will Laugh Uncontrollably Till You Forget Your State Of Origin With This Comedy,6lAnzvKiGKs,2023-01-17T09:35:32Z,https://www.youtube.com/watch?v=6lAnzvKiGKs
Deleted video,kuQ9haEeoj4,2023-01-17T14:29:59Z,https://www.youtube.com/watch?v=kuQ9haEeoj4
My Darling Wife |No Woman Is As Evil &Wicked As Patience Ozokwor In This Old Feem -Nigerian Movie,PXwcPPPsrZ4,2023-01-18T14:14:14Z,https://www.youtube.com/watch?v=PXwcPPPsrZ4
Forest Of Evil |You Will Laugh Uncontrollably And Forget Your Father's Name With Comedy -Nigerian,gjJtrsDFZbg,2023-01-18T21:52:47Z,https://www.youtube.com/watch?v=gjJtrsDFZbg
Small But Mighty |You Will Laugh Away All Your Worries And Feel Happy With Comedy -A Nigerian Movie,p5bUHPiwlVg,2023-01-19T07:47:00Z,https://www.youtube.com/watch?v=p5bUHPiwlVg
My Darling Wife 2 |My Evil Sister-In-Law Killed My Husband But His Ghost Gave Her No Rest -Nigerian,YZkVVeimFDc,2023-01-19T11:21:32Z,https://www.youtube.com/watch?v=YZkVVeimFDc
Deleted video,N_o5zzFLDy8,2023-01-19T16:43:20Z,https://www.youtube.com/watch?v=N_o5zzFLDy8
Bosco |You Will Burst Into Laughter Till You Slim Down With This Comedy - A Nigerian Movie,SQk1DGy14zA,2023-01-19T17:56:52Z,https://www.youtube.com/watch?v=SQk1DGy14zA
Chain Reaction |Your Love For Pete Edochie Will Increase With This Classic Movie-Nigerian Movie,Z3r3KFLpDoY,2023-01-20T11:57:24Z,https://www.youtube.com/watch?v=Z3r3KFLpDoY
Deleted video,EetP4-186qw,2023-01-20T14:38:55Z,https://www.youtube.com/watch?v=EetP4-186qw
Brothers Of Faith |My Evil Aunty Killed My Family But Their Ghost Came Back To End Her - Nigerian,i65rT2ikftk,2023-01-20T15:31:22Z,https://www.youtube.com/watch?v=i65rT2ikftk
Ibu The Village Teacher |You Will Burst Into Laughter Till You Slim Down With Comedy -Nigerian Movie,Ja9-BNY-Dlk,2023-01-20T15:55:27Z,https://www.youtube.com/watch?v=Ja9-BNY-Dlk
Dr Thomas |Sam Loco x Chiwetalu Agu Will Make You Laugh With This Classic Comedy - Nigerian Movie,qGqtK15e7pA,2023-01-20T17:01:24Z,https://www.youtube.com/watch?v=qGqtK15e7pA
Lord Of The Mountain |NoOne Is As Evil &Wicked As Pete Edochie In This Nolly Movie -A Nigerian Movie,RFMcjwYB6Qo,2023-01-20T17:48:18Z,https://www.youtube.com/watch?v=RFMcjwYB6Qo
I need A Husband Pt 2| Sam Loco Will Make Laugh And Lose Track Of Time With Comedy -A Nigerian Movie,u4J2KMUYkG0,2023-01-20T17:57:56Z,https://www.youtube.com/watch?v=u4J2KMUYkG0
The Shop Owner |You Will Laugh Uncontrollably Till You Slim Down With This Comedy - A Nigerian Movie,F2W6gNfyLUw,2023-01-20T19:34:25Z,https://www.youtube.com/watch?v=F2W6gNfyLUw
Chemical Madness |You Will Burst Into Laughter &Fart From Your Bum With This Comedy -Nigerian Movie,OS6_3dTzaK0,2023-01-21T18:46:09Z,https://www.youtube.com/watch?v=OS6_3dTzaK0
My Turn To Shine |Your Love For Patience Will Increase The More With Nollywood Movie -Nigerian Movie,yqH7Z7Le1HY,2023-01-23T15:17:16Z,https://www.youtube.com/watch?v=yqH7Z7Le1HY
The Encounter |You Will Burst Into Laughter And Forget Your Father's Name With Comedy-Nigerian Movie,QCx652v6PfM,2023-01-23T15:47:43Z,https://www.youtube.com/watch?v=QCx652v6PfM
Holy Oracle |Your Love For Patience Ozokwor Will Increase With This Old Movie - A Nigerian Movie,px-CirKftPw,2023-01-24T14:33:13Z,https://www.youtube.com/watch?v=px-CirKftPw
The Master Planner |No One Is As Evil &Wicked As My Son In This Old Nollywood Feem- A Nigerian Movie,KZ68zpKyoYo,2023-01-24T15:59:11Z,https://www.youtube.com/watch?v=KZ68zpKyoYo
Alice My First Lady |You Will Not Forget Sam Loco That Easily With This Classic Feem -Nigerian Movie,h-HAhnT9Lsw,2023-01-25T08:11:30Z,https://www.youtube.com/watch?v=h-HAhnT9Lsw
Chronicle Compound |You Will Burst Into Laughter Till You Slim Down With This Comedy -Nigerian Movie,j41amKltrh4,2023-01-25T11:17:32Z,https://www.youtube.com/watch?v=j41amKltrh4
Power As Of Old |You Will Laugh Uncontrollably Till You Forget Your Real Age Wit Dis Comedy-Nigerian,Ik-7X7LcEVA,2023-01-25T15:26:01Z,https://www.youtube.com/watch?v=Ik-7X7LcEVA
Police Academy |You Will Laugh Taya Till You Forget Your Father's Name With This Comedy -Nigerian,P1MwBySNiFI,2023-01-25T16:42:05Z,https://www.youtube.com/watch?v=P1MwBySNiFI
Men On The Run |Sam Loco x Mr Ibu Will Make You Laugh In This Classic Comedy - A Nigerian Movie,wFfxiN04vAg,2023-01-26T11:35:37Z,https://www.youtube.com/watch?v=wFfxiN04vAg
Mama G Goes Mad |Your Love For Patience Ozokwor Will Increase With This Old Movie - A Nigerian Movie,bvouNhxutjU,2023-01-26T17:55:09Z,https://www.youtube.com/watch?v=bvouNhxutjU
